{"loss": [0.21780234575271606, 0.10347074270248413, 0.03163868188858032, 0.1119648888707161, 0.12505021691322327, 0.1453196406364441, 0.08680298179388046, 0.07539492100477219, 0.03914280980825424, 0.03372162953019142, 0.03885522112250328, 0.05967692285776138, 0.03240911662578583, 0.01013967115432024, 0.13282008469104767, 0.0642843171954155, 0.043443650007247925, 3.52812298842764e-06, 0.015931149944663048, 0.0752541720867157, 0.060380659997463226, 1.2200528090033913e-06, 2.0877270799246617e-05, 3.877525614370825e-06, 0.028230687603354454, 0.08940593153238297, 0.037274401634931564, 0.00030920421704649925, 0.02473158948123455, 0.02064526453614235, 0.03174738213419914, 0.04101133346557617, 0.0023246018681675196, 0.00865979678928852, 1.509539106336888e-05, 1.6849569874466397e-05, 0.016971567645668983, 0.035532984882593155, 0.04361173138022423, 0.06663778424263, 0.019928647205233574, 0.0075704860500991344, 0.036142122000455856, 0.029872313141822815, 3.927398211089894e-05, 0.016331544145941734, 0.009453056380152702, 0.043719708919525146, 0.005313657224178314, 0.1673126369714737, 0.022549772635102272, 1.98525140149286e-06, 0.00010044351074611768, 1.71163165418875e-07, 0.007085171062499285, 0.019747953861951828, 1.6161219207333488e-07, 1.7937861684913514e-07, 0.08090560883283615, 1.1970163313890225e-06, 0.06181641295552254, 0.05883496254682541, 0.039993420243263245, 5.005210468311816e-08, 0.0, 0.006453130394220352, 0.07084096968173981, 0.02355470322072506, 0.0641450509428978, 0.025622500106692314, 1.5283234677809787e-09, 1.5283234677809787e-09, 8.038879286687006e-07, 0.06915821880102158, 0.05674031004309654, 0.11009742319583893, 0.1415373533964157, 5.502827661985066e-06, 0.024150589480996132, 0.042059525847435, 0.01020010281354189, 0.0, 0.0, 0.0, 0.0, 0.050119318068027496, 0.03216928988695145, 0.03726324439048767, 0.1294504851102829, 0.17631365358829498, 1.7367641476084827e-06, 3.907352584064938e-05, 0.002528191078454256, 0.0, 1.9104051673934919e-10, 2.1014447959544214e-09, 7.641619559350943e-10, 0.050227344036102295, 0.1381455957889557, 0.04934940114617348], "accuracy": [0.9647436141967773, 0.9935897588729858, 0.995192289352417, 0.9855769276618958, 0.9903846383094788, 0.9871794581413269, 0.9887820482254028, 0.9935897588729858, 0.995192289352417, 0.9967948794364929, 0.9983974099159241, 0.9967948794364929, 0.9967948794364929, 0.9967948794364929, 0.9935897588729858, 0.9855769276618958, 0.9967948794364929, 1.0, 0.995192289352417, 0.9967948794364929, 0.9967948794364929, 1.0, 1.0, 1.0, 0.9983974099159241, 0.9935897588729858, 0.995192289352417, 1.0, 0.995192289352417, 0.9983974099159241, 0.9967948794364929, 0.9983974099159241, 0.9983974099159241, 0.9983974099159241, 1.0, 1.0, 0.9967948794364929, 0.9983974099159241, 0.9967948794364929, 0.995192289352417, 0.9983974099159241, 0.9983974099159241, 0.9983974099159241, 0.9967948794364929, 1.0, 0.995192289352417, 0.9983974099159241, 0.9983974099159241, 0.9983974099159241, 0.9935897588729858, 0.9983974099159241, 1.0, 1.0, 1.0, 0.9983974099159241, 0.9983974099159241, 1.0, 1.0, 0.9967948794364929, 1.0, 0.9935897588729858, 0.995192289352417, 0.9983974099159241, 1.0, 1.0, 0.9983974099159241, 0.9983974099159241, 0.9983974099159241, 0.9983974099159241, 0.9967948794364929, 1.0, 1.0, 1.0, 0.9935897588729858, 0.9935897588729858, 0.995192289352417, 0.9983974099159241, 1.0, 0.9983974099159241, 0.9935897588729858, 0.9983974099159241, 1.0, 1.0, 1.0, 1.0, 0.9983974099159241, 0.9983974099159241, 0.9983974099159241, 0.9967948794364929, 0.9967948794364929, 1.0, 1.0, 0.9983974099159241, 1.0, 1.0, 1.0, 1.0, 0.9967948794364929, 0.9967948794364929, 0.9983974099159241], "val_loss": [0.3484439551830292, 0.15117613971233368, 0.6078540682792664, 0.0, 0.3524591028690338, 0.29351919889450073, 3.874265814829414e-07, 4.39054429079988e-06, 7.046748942229897e-05, 4.967052991133869e-09, 0.29608240723609924, 0.30872514843940735, 0.0, 2.1007732357247733e-05, 0.1472691148519516, 0.19600218534469604, 0.06115205958485603, 5.389198918237526e-07, 9.825962479226291e-05, 0.0, 0.35174182057380676, 0.00017257874424103647, 0.00014988180191721767, 0.00015354801143985242, 0.29304054379463196, 0.0, 0.6535146832466125, 0.5058037638664246, 9.462021921535779e-07, 0.6169515252113342, 0.0, 0.08564228564500809, 0.0, 0.027184778824448586, 0.09608343243598938, 0.09609416127204895, 0.0, 0.0, 6.180581749504199e-06, 0.0, 0.32585063576698303, 0.0, 0.9534052014350891, 4.815169177163625e-06, 0.24463491141796112, 0.0, 0.0, 0.021187180653214455, 0.0, 0.13315525650978088, 0.0, 2.4734458747843746e-06, 0.00035572831984609365, 0.0004923853557556868, 0.0, 0.0, 0.0, 0.0, 0.0014369405107572675, 0.0, 0.0012920097215101123, 0.0, 0.0, 0.0, 0.0, 0.0, 0.0, 0.0, 0.0, 0.0, 0.0, 0.0, 0.0, 0.5433747172355652, 0.00012105482164770365, 0.37493956089019775, 3.4024083106487524e-07, 0.0, 0.0, 0.0, 0.0, 0.0, 0.0, 0.0, 0.0, 0.0664069652557373, 0.0, 0.18209676444530487, 0.0, 5.9604559510262334e-08, 0.09458822757005692, 0.07359609007835388, 0.0, 0.0, 0.0, 0.0, 0.0, 0.9364818930625916, 0.0, 0.0], "val_accuracy": [0.9583333134651184, 0.9583333134651184, 0.9375, 1.0, 0.9791666865348816, 0.9791666865348816, 1.0, 1.0, 1.0, 1.0, 0.9583333134651184, 0.9583333134651184, 1.0, 1.0, 0.9791666865348816, 0.9791666865348816, 0.9791666865348816, 1.0, 1.0, 1.0, 0.9791666865348816, 1.0, 1.0, 1.0, 0.9791666865348816, 1.0, 0.9791666865348816, 0.9791666865348816, 1.0, 0.9791666865348816, 1.0, 0.9791666865348816, 1.0, 0.9791666865348816, 0.9791666865348816, 0.9791666865348816, 1.0, 1.0, 1.0, 1.0, 0.9791666865348816, 1.0, 0.9583333134651184, 1.0, 0.9583333134651184, 1.0, 1.0, 0.9791666865348816, 1.0, 0.9791666865348816, 1.0, 1.0, 1.0, 1.0, 1.0, 1.0, 1.0, 1.0, 1.0, 1.0, 1.0, 1.0, 1.0, 1.0, 1.0, 1.0, 1.0, 1.0, 1.0, 1.0, 1.0, 1.0, 1.0, 0.9791666865348816, 1.0, 0.9791666865348816, 1.0, 1.0, 1.0, 1.0, 1.0, 1.0, 1.0, 1.0, 1.0, 0.9791666865348816, 1.0, 0.9791666865348816, 1.0, 1.0, 0.9791666865348816, 0.9791666865348816, 1.0, 1.0, 1.0, 1.0, 1.0, 0.9375, 1.0, 1.0]}